<?xml version="1.0" encoding="UTF-8"?>
<project-private xmlns="http://www.netbeans.org/ns/project-private/1">
    <editor-bookmarks xmlns="http://www.netbeans.org/ns/editor-bookmarks/2" lastBookmarkId="0"/>
    <open-files xmlns="http://www.netbeans.org/ns/projectui-open-files/2">
        <group>
            <file>file:/C:/pembayaranSpp/src/pembayaranspp/laporan.java</file>
            <file>file:/C:/pembayaranSpp/src/pembayaranspp/spp.java</file>
            <file>file:/C:/pembayaranSpp/src/pembayaranspp/siswa.java</file>
            <file>file:/C:/pembayaranSpp/src/pembayaranspp/form_petugas.java</file>
            <file>file:/C:/pembayaranSpp/src/pembayaranspp/kelas.java</file>
            <file>file:/C:/pembayaranSpp/src/pembayaranspp/pembayaran.java</file>
            <file>file:/C:/pembayaranSpp/src/pembayaranspp/login.java</file>
            <file>file:/C:/pembayaranSpp/src/pembayaranspp/history.java</file>
            <file>file:/C:/pembayaranSpp/src/pembayaranspp/welcome.java</file>
            <file>file:/C:/pembayaranSpp/src/pembayaranspp/PembayaranSpp.java</file>
            <file>file:/C:/pembayaranSpp/src/pembayaranspp/admin.java</file>
        </group>
    </open-files>
</project-private>
